{
  "n_estimators": 1100,
  "max_depth": 8,
  "learning_rate": 0.11671862369531923,
  "subsample": 0.7639169690691462,
  "colsample_bytree": 0.9737534697708143,
  "min_child_weight": 4,
  "gamma": 0.2168261865966124,
  "reg_alpha": 0.6401638469226931,
  "reg_lambda": 0.8890153292240335
}